Year,Seq,Glide,Disaster Group,Disaster Subgroup,Disaster Type,Disaster Subtype,Disaster Subsubtype,Event Name,Country,ISO,Continent,Location,Origin,Associated Dis,Associated Dis2,OFDA Response,Appeal,Declaration,Aid Contribution,Dis Mag Value,Dis Mag Scale,Latitude,Longitude,Local Time,River Basin,Start Year,Start Month,Start Day,End Year,End Month,End Day,Total Deaths,No Injured,No Affected,No Homeless,Total Affected,Insured Damages ('000 US$),Total Damages ('000 US$),CPI,Adm Level,Admin1 Code,Admin2 Code,Geo Locations
1900,3,,Natural,Meteorological,Storm,Tropical cyclone,,,United States of America (the),USA,Americas,Galveston (Texas),,"Avalanche (Snow, Debris)",,,,,,220.0,Kph,,,,,1900,9.0,8.0,1900,9.0,8.0,6000.0,,,,,,30000.0,3.221647271,,,,
1906,4,,Natural,Meteorological,Storm,Tropical cyclone,,,United States of America (the),USA,Americas,Florida,,,,,,,,177.0,Kph,,,,,1906,,,1906,,,164.0,,,,,,,3.479379053,,,,
1906,5,,Natural,Meteorological,Storm,Tropical cyclone,,,United States of America (the),USA,Americas,"Mississippi, Alabama, Pensacola",,,,,,,,209.0,Kph,,,,,1906,,,1906,,,134.0,,,,,,,3.479379053,,,,
1909,3,,Natural,Meteorological,Storm,Tropical cyclone,,,United States of America (the),USA,Americas,Grand Isle (Louisiana),,,,,No,No,,249.0,Kph,,,,,1909,,,1909,,,350.0,,,,,,,3.479379053,,,,
1909,4,,Natural,Meteorological,Storm,Tropical cyclone,,,United States of America (the),USA,Americas,Velasco (Texas),,,,,,,,209.0,Kph,,,,,1909,,,1909,,,41.0,,,,,,,3.479379053,,,,
1910,3,,Natural,Meteorological,Storm,Tropical cyclone,,,United States of America (the),USA,Americas,Florida,,,,,,,,209.0,Kph,,,,,1910,,,1910,,,30.0,,,,,,,3.608244944,,,,
1915,5,,Natural,Meteorological,Storm,Tropical cyclone,,,United States of America (the),USA,Americas,"Cavelston (Texas), New Orleans (Louisiana)",,,,,,,,249.0,Kph,,,,,1915,8.0,,1915,8.0,,525.0,,,,,,60000.0,3.917523082,,,,
1918,3,,Natural,Meteorological,Storm,Tropical cyclone,,,United States of America (the),USA,Americas,Louisiana (Southwest),,,,,,,,209.0,Kph,,,,,1918,,,1918,,,34.0,,,,,,,5.824738266,,,,
1919,2,,Natural,Meteorological,Storm,Tropical cyclone,,,United States of America (the),USA,Americas,"Florida Keys, South Texas",,,,,No,No,,249.0,Kph,,,,,1919,9.0,,1919,9.0,,500.0,,,,,,25000.0,6.713912913,,,,
1926,3,,Natural,Meteorological,Storm,Tropical cyclone,,,United States of America (the),USA,Americas,Louisiana,,,,,,,,209.0,Kph,,,,,1926,,,1926,,,25.0,,,,,,,6.855665393,,,,
1926,11,,Natural,Meteorological,Storm,Tropical cyclone,,,United States of America (the),USA,Americas,"Florida, Alabama, Pensacola",,,,,No,No,,249.0,Kph,,,,,1926,9.0,,1926,9.0,,243.0,,,,,,73000.0,6.855665393,,,,
1928,14,,Natural,Meteorological,Storm,Tropical cyclone,,,United States of America (the),USA,Americas,Lake Okeechobee (Florida),,,,,No,No,,249.0,Kph,,,,,1928,9.0,,1928,9.0,,1836.0,,,,,,25000.0,6.649479968,,,,
1932,2,,Natural,Meteorological,Storm,Tropical cyclone,,,United States of America (the),USA,Americas,Freeport (Texas),,,,,,,,,Kph,,,,,1932,,,1932,,,40.0,,,,,,,5.283501525,,,,
1933,4,,Natural,Meteorological,Storm,Tropical cyclone,,,United States of America (the),USA,Americas,South Texas,,,,,,,,,Kph,,,,,1933,,,1933,,,40.0,,,,,,,5.012883154,,,,
1935,7,,Natural,Meteorological,Storm,Tropical cyclone,,,United States of America (the),USA,Americas,Florida,,,,,,,,249.0,Kph,,,,,1935,9.0,,1935,9.0,,408.0,,,,,,6000.0,5.309274703,,,,
1938,4,,Natural,Meteorological,Storm,Tropical cyclone,,,United States of America (the),USA,Americas,New York,,,,,No,No,,,Kph,,,,,1938,9.0,,1938,9.0,,600.0,,,,,,306000.0,5.451027183,,,,
1940,5,,Natural,Meteorological,Storm,Tropical cyclone,,,United States of America (the),USA,Americas,"Georgia, Carolinas",,,,,,,,177.0,Kph,,,,,1940,,,1940,,,50.0,,,,,,,5.425254005,,,,
1944,9,,Natural,Meteorological,Storm,Tropical cyclone,,,United States of America (the),USA,Americas,East coast,,,,,,,,209.0,Kph,,,,,1944,9.0,,1944,9.0,,390.0,,,,,,100000.0,6.817005626,,,,
1947,8,,Natural,Meteorological,Storm,Tropical cyclone,,,United States of America (the),USA,Americas,"Florida, Louisiana",,,,,,,,249.0,Kph,,,,,1947,9.0,,1947,9.0,,51.0,,,,,,100000.0,8.646901276,,,,
1954,15,,Natural,Meteorological,Storm,Tropical cyclone,,Carol,United States of America (the),USA,Americas,East Coast,,,,,,,,,Kph,,,,,1954,8.0,,1954,8.0,,60.0,,,,,,450000.0,10.39947739,,,,
1954,21,,Natural,Meteorological,Storm,Tropical cyclone,,Hazel,United States of America (the),USA,Americas,"South Carolina, North Carolina",,,,,No,No,,249.0,Kph,,,,,1954,10.0,,1954,10.0,,95.0,,,,,,281000.0,10.39947739,,,,
1954,53,,Natural,Meteorological,Storm,Tropical cyclone,,,United States of America (the),USA,Americas,,,,,,,,,,Kph,,,,,1954,9.0,,1954,9.0,,68.0,,,,,,,10.39947739,,,,
1955,3,,Natural,Meteorological,Storm,Tropical cyclone,,,United States of America (the),USA,Americas,Connie (North Carolina),,,,,,,,209.0,Kph,,,,,1955,,,1955,,,25.0,,,,,,,10.34538148,,,,
1955,8,,Natural,Meteorological,Storm,Tropical cyclone,,Diane,United States of America (the),USA,Americas,East Coast,,,,,,,,152.0,Kph,,,,,1955,8.0,16.0,1955,8.0,16.0,184.0,,,,,,832000.0,10.34538148,,,,
1957,6,,Natural,Meteorological,Storm,Tropical cyclone,,Audrey,United States of America (the),USA,Americas,Gulf Coast,,,,,,,,249.0,Kph,,,,,1957,6.0,26.0,1957,6.0,26.0,390.0,,,,,,150000.0,10.85411263,,,,
1960,27,,Natural,Meteorological,Storm,Tropical cyclone,,Donna,United States of America (the),USA,Americas,East Coast,,,,,,,,,Kph,,,,,1960,9.0,9.0,1960,9.0,9.0,50.0,,,,,,387000.0,11.42725138,,,,
1961,10,,Natural,Meteorological,Storm,Tropical cyclone,,Carla,United States of America (the),USA,Americas,Texas,,,,,,,,249.0,Kph,,,,,1961,9.0,11.0,1961,9.0,11.0,46.0,,,,,,408000.0,11.54960108,,,,
1964,12,,Natural,Meteorological,Storm,Tropical cyclone,,,United States of America (the),USA,Americas,Louisiana,,,,,,,,209.0,Kph,,,,,1964,10.0,,1964,10.0,,38.0,,,,,,,11.98428136,,,,
1964,50,,Natural,Meteorological,Storm,Tropical cyclone,,Dora,United States of America (the),USA,Americas,Florida,,,,,,,,,Kph,,,,,1964,9.0,9.0,1964,9.0,9.0,5.0,,,,,,250000.0,11.98428136,,,,
1965,53,,Natural,Meteorological,Storm,Tropical cyclone,,Betsy,United States of America (the),USA,Americas,"Florida, Louisiana, Alabama, Mississippi",,,,,,,,,Kph,,,,,1965,9.0,7.0,1965,9.0,7.0,299.0,,,,,,1420000.0,12.17425308,,,,
1967,59,,Natural,Meteorological,Storm,Tropical cyclone,,Hurricane Beulah,United States of America (the),USA,Americas,Texas,,,,,No,No,,,Kph,,,,,1967,9.0,19.0,1967,9.0,19.0,15.0,,,,,,200000.0,12.88906472,,,,
1969,87,,Natural,Meteorological,Storm,Tropical cyclone,,Camille,United States of America (the),USA,Americas,"Mississippi, Louisiana, Virginia",,,,,No,No,,249.0,Kph,,,,,1969,8.0,17.0,1969,8.0,17.0,323.0,,,,,,1420000.0,14.17378236,,,,
1970,39,,Natural,Meteorological,Storm,Tropical cyclone,,Celia,United States of America (the),USA,Americas,Texas,,,,,,,,,Kph,,,,,1970,8.0,3.0,1970,8.0,3.0,11.0,,,,,,450000.0,15.00128211,,,,
1972,35,,Natural,Meteorological,Storm,Tropical cyclone,,Agnes,United States of America (the),USA,Americas,East,,,,,,,,153.0,Kph,,,,,1972,6.0,18.0,1972,6.0,18.0,122.0,,,,,,2100000.0,16.15721204,,,,
1972,136,,Natural,Meteorological,Storm,Tropical cyclone,,,United States of America (the),USA,Americas,,,,,,,,,,Kph,,,,,1972,6.0,,1972,6.0,,134.0,,,,,,,16.15721204,,,,
1975,55,,Natural,Meteorological,Storm,Tropical cyclone,,Eloise,United States of America (the),USA,Americas,Florida,,,,,,,,,Kph,,,,,1975,9.0,16.0,1975,9.0,16.0,21.0,,,,,,550000.0,20.79379863,,,,
1979,88,,Natural,Meteorological,Storm,Tropical cyclone,,Frederic,United States of America (the),USA,Americas,Gulf coast,,,,,,,,,Kph,,,,,1979,9.0,12.0,1979,9.0,12.0,31.0,,,,,,2300000.0,28.04168132,,,,
1980,80,,Natural,Meteorological,Storm,Tropical cyclone,,Allen,United States of America (the),USA,Americas,"Texas, Louisiana",,Surge,,,No,No,,270.0,Kph,,,,,1980,8.0,9.0,1980,8.0,9.0,,,,,,,860000.0,31.84110657,,,,
1980,299,,Natural,Meteorological,Storm,Tropical cyclone,,,United States of America (the),USA,Americas,Kalamazoo,,,,,,,,,Kph,,,,,1980,5.0,13.0,1980,5.0,13.0,7.0,70.0,,400.0,470.0,,30000.0,31.84110657,,,,
1980,300,,Natural,Meteorological,Storm,Tropical cyclone,,,United States of America (the),USA,Americas,Nebraska,,,,,,,,,Kph,,,,,1980,6.0,4.0,1980,6.0,4.0,5.0,100.0,,,100.0,,20000.0,31.84110657,,,,
1982,124,,Natural,Meteorological,Storm,Tropical cyclone,,Iwa,United States of America (the),USA,Americas,Hawaii,,,,,,,,,Kph,,,,,1982,11.0,23.0,1982,11.0,23.0,3.0,,,500.0,500.0,,230000.0,37.28586971,,,,
1983,110,,Natural,Meteorological,Storm,Tropical cyclone,,Alicia,United States of America (the),USA,Americas,Texas,,,,,No,No,,,Kph,,,,,1983,8.0,17.0,1983,8.0,17.0,21.0,,,,,,3000000.0,38.4836513,,,,
1985,13,,Natural,Meteorological,Storm,Tropical cyclone,,Kate,United States of America (the),USA,Americas,"Florida, Panhandle, Georgia",,,,,,,,177.0,Kph,,,,,1985,,,1985,,,5.0,,,,,,,41.56182689,,,,
1985,104,,Natural,Meteorological,Storm,Tropical cyclone,,Elena,United States of America (the),USA,Americas,"Florida, Arkansas, Kentucky, South Dakota, Iowa, Michgigan, Indianapolis, Missouri",,,,,,,,209.0,Kph,,,,,1985,8.0,30.0,1985,8.0,30.0,4.0,,1000000.0,,1000000.0,,1100000.0,41.56182689,,,,
1985,111,,Natural,Meteorological,Storm,Tropical cyclone,,Gloria,United States of America (the),USA,Americas,East Coast,,,,,,,,249.0,Kph,,,,,1985,9.0,27.0,1985,9.0,27.0,11.0,,,,,,900000.0,41.56182689,,,,
1985,126,,Natural,Meteorological,Storm,Tropical cyclone,,Juan,United States of America (the),USA,Americas,"Louisiana, Mississippi, Florida Panhandle",,,,,,,,177.0,Kph,,,,,1985,10.0,27.0,1985,10.0,27.0,12.0,,,,,,1500000.0,41.56182689,,,,
1987,391,,Natural,Meteorological,Storm,Tropical cyclone,,,United States of America (the),USA,Americas,"Colorado, Texas",,,,,,,,,Kph,,,,,1987,6.0,23.0,1987,6.0,23.0,,,,,,,,43.90266239,,,,
1988,513,,Natural,Meteorological,Storm,Tropical cyclone,,Keith,United States of America (the),USA,Americas,Floride,,,,,,,,,Kph,,,,,1988,11.0,22.0,1988,11.0,22.0,,,,,,30000.0,,45.69289676,,,,
1989,115,,Natural,Meteorological,Storm,Tropical cyclone,,Hugo,United States of America (the),USA,Americas,South Caroline,,,,,No,No,,,Kph,,,,,1989,9.0,25.0,1989,9.0,25.0,51.0,,,25000.0,25000.0,,7000000.0,47.89849737,,,,
1989,447,,Natural,Meteorological,Storm,Tropical cyclone,,Allison,United States of America (the),USA,Americas,"Texas, Louisiane",,,,,No,No,,,Kph,,,,,1989,6.0,25.0,1989,6.0,25.0,,,,,,45000.0,500000.0,47.89849737,,,,
1989,453,,Natural,Meteorological,Storm,Tropical cyclone,,Chantal,United States of America (the),USA,Americas,Texas,,,,,No,No,,,Kph,,,,,1989,8.0,1.0,1989,8.0,2.0,,,,,,80000.0,,47.89849737,,,,
1989,464,,Natural,Meteorological,Storm,Tropical cyclone,, Jerry,United States of America (the),USA,Americas,Texas,,,,,,,,,Kph,,,,,1989,10.0,15.0,1989,10.0,15.0,2.0,,,,,35000.0,,47.89849737,,,,
1991,218,,Natural,Meteorological,Storm,Tropical cyclone,,Bob,United States of America (the),USA,Americas,"North Carolina, Delaware, New York, Richmond, Maine, Rhode Island, Connecticut, Massachusetts, Indiana, Michigan, Ohio, Kentucky",,,,,No,No,,160.0,Kph,,,,,1991,8.0,18.0,1991,8.0,20.0,18.0,,1200.0,,1200.0,620000.0,1500000.0,52.62202002,,,,
1991,423,,Natural,Meteorological,Storm,Tropical cyclone,,Bob,United States of America (the),USA,Americas,"New England, New York, New Jersey",,,,,,,,160.0,Kph,,,,,1991,10.0,30.0,1991,10.0,30.0,2.0,,1500.0,,1500.0,,,52.62202002,,,,
1991,543,,Natural,Meteorological,Storm,Tropical cyclone,,Grace,United States of America (the),USA,Americas,"Massachusetts, New York, Rhode Island, New Jersey, Connecticut",,,,,,,,,Kph,,,,,1991,10.0,29.0,1991,10.0,29.0,2.0,,,,,60000.0,,52.62202002,,,,
1992,271,,Natural,Meteorological,Storm,Tropical cyclone,,Iniki,United States of America (the),USA,Americas,"Kauai, Nihau, Oahu, Hawai",,Flood,Transport accident,,,,,,Kph,,,,,1992,9.0,11.0,1992,9.0,12.0,6.0,,25000.0,,25000.0,1600000.0,5000000.0,54.21584465,,,,
1992,66,,Natural,Meteorological,Storm,Tropical cyclone,,Andrew,United States of America (the),USA,Americas,"Florida, Louisiana, Bahamas",,,,,No,No,,290.0,Kph,,,,,1992,8.0,24.0,1992,8.0,24.0,44.0,55.0,,250000.0,250055.0,17000000.0,26500000.0,54.21584465,,,,
1992,106,,Natural,Meteorological,Storm,Tropical cyclone,,Axel,United States of America (the),USA,Americas,Majuro ( Marshall Isl.),,,,,,,,,Kph,,,,,1992,1.0,7.0,1992,1.0,7.0,,,20000.0,,20000.0,,,54.21584465,,,,
1993,201,,Natural,Meteorological,Storm,Tropical cyclone,,Emily,United States of America (the),USA,Americas,North Carolina,,,,,,,,113.0,Kph,,,,,1993,8.0,28.0,1993,8.0,28.0,1.0,,,,,30000.0,,55.8161073,,,,
1993,429,,Natural,Meteorological,Storm,Tropical cyclone,,,United States of America (the),USA,Americas,Texas,,,,,No,No,,,Kph,,,,,1993,4.0,28.0,1993,4.0,29.0,,,,,,45000.0,,55.8161073,,,,
1993,431,,Natural,Meteorological,Storm,Tropical cyclone,,Wylie,United States of America (the),USA,Americas,"Minnesota, Kansas, Oklahoma, South Dakota, Texas, Arkansas, Nebraska, Louisiana",,,,,,,,,Kph,,,,,1993,5.0,5.0,1993,5.0,5.0,3.0,60.0,,,60.0,165000.0,,55.8161073,,,,
1994,510,,Natural,Meteorological,Storm,Tropical cyclone,,Gordon,United States of America (the),USA,Americas,,,Flood,"Slide (land, mud, snow, rock)",,No,No,,,Kph,,,,,1994,11.0,13.0,1994,11.0,18.0,6.0,,,,,60000.0,500000.0,57.27148263,,,,
1994,152,,Natural,Meteorological,Storm,Tropical cyclone,,Alberto,United States of America (the),USA,Americas,"Georgia, Michigan, Florida, Alabama",,,,,,,,,Kph,,,,,1994,7.0,,1994,7.0,,32.0,22.0,20000.0,,20022.0,95000.0,250000.0,57.27148263,,,,
1995,245,,Natural,Meteorological,Storm,Tropical cyclone,,Opal,United States of America (the),USA,Americas,"Florida, Georgia, Alabama, North Carolina",,Flood,,,No,No,,200.0,Kph,,,,,1995,10.0,4.0,1995,10.0,8.0,19.0,,78000.0,,78000.0,2500000.0,3000000.0,58.87818329,,,,
1995,404,,Natural,Meteorological,Storm,Tropical cyclone,,Erin,United States of America (the),USA,Americas,"Florida, Alabama, Mississipi",,Flood,,,No,No,,135.0,Kph,,,,,1995,7.0,31.0,1995,8.0,6.0,11.0,,6000.0,,6000.0,375000.0,700000.0,58.87818329,,,,
1995,208,,Natural,Meteorological,Storm,Tropical cyclone,,Marilyn,United States of America (the),USA,Americas,,,,,,No,No,,,Kph,,,,,1995,9.0,14.0,1995,9.0,19.0,8.0,,,,,875000.0,2100000.0,58.87818329,,,,
1996,199,,Natural,Meteorological,Storm,Tropical cyclone,,Fran,United States of America (the),USA,Americas,"North Carolina, South Carolina, Virginia, Maryland, West Virginia, Pennsylvania, Ohio, Washington DC",,Flood,,,No,No,,193.0,Kph,,,,,1996,9.0,5.0,1996,9.0,11.0,39.0,,4000.0,,4000.0,1600000.0,3400000.0,60.60402838,,,,
1997,346,,Natural,Meteorological,Storm,Tropical cyclone,,Danny,United States of America (the),USA,Americas,"Louisiana, Alabama, South Carolina, North Carolina",,,,,No,No,,,Kph,,,,,1997,7.0,18.0,1997,7.0,24.0,,,,,,62500.0,,62.02075732,,,,
1998,277,,Natural,Meteorological,Storm,Tropical cyclone,,Charley,United States of America (the),USA,Americas,Texas,,Flood,,,No,No,,97.0,Kph,,,,,1998,8.0,21.0,1998,8.0,24.0,7.0,,545.0,,545.0,62500.0,,62.98350111,,,,
1998,380,,Natural,Meteorological,Storm,Tropical cyclone,,Georges,United States of America (the),USA,Americas,"Florida, Mississippi, Alabama, Lousiana",,Flood,,,No,No,,,Kph,,,,,1998,9.0,20.0,1998,9.0,29.0,4.0,,4608.0,519.0,5127.0,1655000.0,1204950.0,62.98350111,,,,
1998,610,,Natural,Meteorological,Storm,Tropical cyclone,,Bonnie,United States of America (the),USA,Americas,"North Carolina, Virginia, South Carolina",,,,,No,Yes,,,Kph,,,,,1998,8.0,19.0,1998,8.0,30.0,2.0,,17000.0,,17000.0,450500.0,1500000.0,62.98350111,,,,
1998,611,,Natural,Meteorological,Storm,Tropical cyclone,,Frances,United States of America (the),USA,Americas,"Texas, Louisiana",,,,,No,Yes,,,Kph,,,,,1998,9.0,8.0,1998,9.0,13.0,1.0,6.0,,,6.0,110000.0,500000.0,62.98350111,,,,
1999,327,,Natural,Meteorological,Storm,Tropical cyclone,,Floyd,United States of America (the),USA,Americas,"North Carolina, Florida, South Carolina, Virginia, Maryland, Pennsylvania, New Jersey, New York, Delaware, Rhode Island, Connecticut, Massachusetts, Vermont",,Flood,,,No,No,,200.0,Kph,,,,,1999,9.0,13.0,1999,9.0,17.0,70.0,10.0,3000000.0,,3000010.0,1960000.0,7000000.0,64.36159282,,,,
1999,298,,Natural,Meteorological,Storm,Tropical cyclone,,Bret,United States of America (the),USA,Americas,Kennedy county (Texas),,,,,No,No,,200.0,Kph,,,,,1999,8.0,22.0,1999,8.0,23.0,3.0,,,,,,70000.0,64.36159282,,,,
1999,435,,Natural,Meteorological,Storm,Tropical cyclone,,Irene,United States of America (the),USA,Americas,"Bahamas, Floride",,,,,,,,120.0,Kph,,,,,1999,10.0,15.0,1999,10.0,15.0,6.0,,,,,,100000.0,64.36159282,,,,
1999,619,,Natural,Meteorological,Storm,Tropical cyclone,,Dennis,United States of America (the),USA,Americas,"Bahamas, North Carolina, Virginia",,,,,No,Yes,,,Kph,,,,,1999,8.0,28.0,1999,9.0,7.0,3.0,,,,,,62500.0,64.36159282,,,,
2000,652,,Natural,Meteorological,Storm,Tropical cyclone,,Leslie,United States of America (the),USA,Americas,"Miami-Dade, Monroe, Broward, Collier districts (Florida province)",,,,,,,,,Kph,,,,,2000,10.0,4.0,2000,10.0,4.0,2.0,,14418.0,3015.0,17433.0,,219000.0,66.53499421,2,,29003;29008;29040;29041,"Broward, Collier, Miami-Dade, Monroe (Adm2). "
2001,242,,Natural,Meteorological,Storm,Tropical cyclone,,Allison,United States of America (the),USA,Americas,"Texas, Mississippi, Louisiana, Florida, Pennsylvania, South Carolina, North Carolina, Georgia, Pensylvania, New Jersey, Virginia, Iowa provinces",,Flood,,,,Yes,,,Kph,,,,,2001,6.0,5.0,2001,6.0,17.0,41.0,,102000.0,70000.0,172000.0,3500000.0,6000000.0,68.41537906,1,3223;3224;3229;3232;3238;3244;3247;3252;3254;3257;3260,,"Florida, Georgia, Iowa, Louisiana, Mississippi, New Jersey, North Carolina, Pennsylvania, South Carolina, Texas, Virginia (Adm1). "
2002,724,,Natural,Meteorological,Storm,Tropical cyclone,,Lili,United States of America (the),USA,Americas,"St. Tammany, Terrebonne, Lafayette, Acadia, Evangeline, Rapides districts (Louisiana province)",,Flood,,,,,,,Kph,,,,,2002,10.0,3.0,2002,10.0,3.0,,,,,,750000.0,2000000.0,69.50047255,2,,29791;29810;29819;29830;29842;29845,"Acadia, Evangeline, Lafayette, Rapides, St. Tammany, Terrebonne (Adm2). "
2002,652,,Natural,Meteorological,Storm,Tropical cyclone,,Isidore,United States of America (the),USA,Americas,"Louisiane, Mississippi, Alabama, Tennessee provinces",,,,,,,,105.0,Kph,,,,,2002,9.0,26.0,2002,9.0,27.0,1.0,,13200.0,,13200.0,200000.0,300000.0,69.50047255,1,3214;3232;3238;3256,,"Alabama, Louisiana, Mississippi, Tennessee (Adm1). "
2003,468,,Natural,Meteorological,Storm,Tropical cyclone,,Isabel,United States of America (the),USA,Americas,"North Carolina, Maryland, Virginia, West Virginia, Delaware, Pennsylvania, New Jersey, District of Columbia provinces",,Flood,,,,Yes,,170.0,Kph,,,,,2003,9.0,18.0,2003,9.0,22.0,16.0,,225000.0,,225000.0,1685000.0,3370000.0,71.07819758,1,3221;3222;3234;3244;3247;3252;3260;3262,,"Delaware, District of Columbia, Maryland, New Jersey, North Carolina, Pennsylvania, Virginia, West Virginia (Adm1). "
2003,782,,Natural,Meteorological,Storm,Tropical cyclone,,Bill,United States of America (the),USA,Americas,"Orleans, St. John the Baptist, Terrebonne, St. Tammany, Tangipahoa districts (Louisiana province), Hancock, Harrison, Jackson, Pike, Walthall districts (Mississippi province), Bay district (Florida province), Mobile, Baldwin, Lee districts (Alabama province), Sumter, Bulloch, Fulton, DeKalb, Cobb, Clayton, Gwinnett districts (Georgia province), Wake district (North Carolina province)",,Flood,,,,Yes,,95.0,Kph,,,,,2003,6.0,30.0,2003,6.0,30.0,4.0,4.0,,,4.0,22000.0,50000.0,71.07819758,2,,28692;28731;28739;29000;29080;29095;29097;29108;29124;29131;29193;29826;29838;29842;29843;29845;30101;30102;30108;30135;30152;30658,"Baldwin, Bay, Bulloch, Clayton, Cobb, DeKalb, Fulton, Gwinnett, Hancock, Harrison, Jackson, Lee, Mobile, Orleans, Pike, St. John the Baptist, St. Tammany, Sumter, Tangipahoa, Terrebonne, Wake, Walthall (Adm2). "
2004,462,,Natural,Meteorological,Storm,Tropical cyclone,,Ivan,United States of America (the),USA,Americas,"Alabama, Louisiana, Mississippi, Florida, Pennsylvania, Maryland, New Jersey, Ohio, North Carolina, West Virginia, Georgia, Tennessee provinces",,"Slide (land, mud, snow, rock)",Flood,,,Yes,,,Kph,,,,,2004,9.0,15.0,2004,9.0,16.0,52.0,,,,,12000000.0,18000000.0,72.98112921,1,3214;3223;3224;3232;3234;3238;3244;3247;3249;3252;3256;3262,,"Alabama, Florida, Georgia, Louisiana, Maryland, Mississippi, New Jersey, North Carolina, Ohio, Pennsylvania, Tennessee, West Virginia (Adm1). "
2004,455,,Natural,Meteorological,Storm,Tropical cyclone,,Frances,United States of America (the),USA,Americas,"Martin, Palm Beach districts (Florida province), North Carolina, South Carolina, Ohio provinces",,Rain,,,,Yes,,,Kph,,,,,2004,9.0,5.0,2004,9.0,5.0,47.0,,5000000.0,,5000000.0,5000000.0,11000000.0,72.98112921,1;2,3247;3249;3254,29039;29047,"North Carolina, Ohio, South Carolina (Adm1). Martin, Palm Beach (Adm2). "
2004,448,,Natural,Meteorological,Storm,Tropical cyclone,,Gaston,United States of America (the),USA,Americas,"Richmond, Lynchburg, Chesterfield districts (Virginia province), South Carolina, North Carolina provinces",,Flood,,,,Yes,,,Kph,,,,,2004,8.0,29.0,2004,8.0,30.0,7.0,,,,,62500.0,62500.0,72.98112921,1;2,3247;3254,31523;31571;31601,"North Carolina, South Carolina (Adm1). Chesterfield, Lynchburg, Richmond (Adm2). "
2004,415,,Natural,Meteorological,Storm,Tropical cyclone,,Charley,United States of America (the),USA,Americas,"Bay, Calhoun, Escambia, Franklin, Gadsden, Gulf, Holmes, Jackson, Jefferson, Leon, Liberty, Madison, Okaloosa, Santa Rosa, Taylor, Wakulla, Walton, Washington districts (Florida province), South Carolina, North Carolina provinces",,Transport accident,,,,Yes,,230.0,Kph,,,,,2004,8.0,13.0,2004,8.0,13.0,10.0,,30000.0,,30000.0,7600000.0,16000000.0,72.98112921,1;2,3247;3254,29000;29004;29013;29015;29016;29019;29026;29028;29029;29033;29035;29036;29043;29052;29059;29062;29063;29064,"North Carolina, South Carolina (Adm1). Bay, Calhoun, Escambia, Franklin, Gadsden, Gulf, Holmes, Jackson, Jefferson, Leon, Liberty, Madison, Okaloosa, Santa Rosa, Taylor, Wakulla, Walton, Washington (Adm2). "
2004,473,,Natural,Meteorological,Storm,Tropical cyclone,,Jeanne,United States of America (the),USA,Americas,Florida province,,,,,,Yes,,,Kph,,,,,2004,9.0,25.0,2004,9.0,26.0,6.0,,40000.0,,40000.0,4900000.0,8000000.0,72.98112921,1,3223,,Florida (Adm1). 
2005,467,,Natural,Meteorological,Storm,Tropical cyclone,,Katrina,United States of America (the),USA,Americas,"Mobile, Bayou La Batre, Dauphin Island, Coden areas (Mobile district, Alabama province), New Orleans city (Orleans district, Louisiana province), Slidell area (St. Tammany district, Louisiana province), St. Bernard district (Louisiana province), Biloxi, Gulfport cities (Harrison district, Mississippi province), Pascagoula city (Jackson district, Mississippi province), Waveland, Bay St. Louis cities (Hancock district, Mississippi province), Georgia, Florida provinces",,Flood,Broken Dam/Burst bank,,,Yes,,280.0,Kph,,,,,2005,8.0,29.0,2005,9.0,19.0,1833.0,,500000.0,,500000.0,60000000.0,125000000.0,75.45719958,1;2,3223;3224,28739;29826;29834;29842;30101;30102;30108,"Florida, Georgia (Adm1). Hancock, Harrison, Jackson, Mobile, Orleans, St. Bernard, St. Tammany (Adm2). "
2005,585,,Natural,Meteorological,Storm,Tropical cyclone,,"Hurricane ""Wilma""",United States of America (the),USA,Americas,"Florida Keys, Naples areas (Collier district, Florida province)",,Rain,Flood,,,Yes,,165.0,Kph,,,,,2005,10.0,24.0,2005,10.0,24.0,4.0,,30000.0,,30000.0,10350000.0,14300000.0,75.45719958,2,,29008,Collier (Adm2). 
2005,547,,Natural,Meteorological,Storm,Tropical cyclone,,Rita,United States of America (the),USA,Americas,"Louisiana, Texas, Mississippi provinces",,Flood,,,,Yes,,280.0,Kph,,,,"Vermillion, Calcasieu, Mermentau, Amite, Sabine, Neches",2005,9.0,23.0,2005,10.0,1.0,10.0,,300000.0,,300000.0,11300000.0,16000000.0,75.45719958,1,3232;3238;3257,,"Louisiana, Mississippi, Texas (Adm1). "
2005,351,,Natural,Meteorological,Storm,Tropical cyclone,,"Hurricane ""Dennis""",United States of America (the),USA,Americas,"Florida, Georgia provinces",,,,,,Yes,,,Kph,,,,,2005,7.0,10.0,2005,7.0,10.0,5.0,,,,,1115000.0,2230000.0,75.45719958,1,3223;3224,,"Florida, Georgia (Adm1). "
2006,466,,Natural,Meteorological,Storm,Tropical cyclone,,Ernesto,United States of America (the),USA,Americas,"South Carolina, North Carolina, Virginia provinces",,Flood,,,,,,119.0,Kph,34.74,-77.87,,,2006,8.0,2.0,2006,9.0,7.0,6.0,,140.0,,140.0,,32860.0,77.89139999,1,3247;3254;3260,,"North Carolina, South Carolina, Virginia (Adm1). "
2007,359,,Natural,Meteorological,Storm,Tropical cyclone,,Erin,United States of America (the),USA,Americas,"Texas, Oklahoma, Missouri provinces",,Flood,,,,,,132.0,Kph,,,,,2007,8.0,16.0,2007,8.0,19.0,7.0,,,,,,,80.11339326,1,3239;3250;3257,,"Missouri, Oklahoma, Texas (Adm1). "
2008,304,TC-2008-000111,Natural,Meteorological,Storm,Tropical cyclone,,Hurricane Dolly,United States of America (the),USA,Americas,"Panama city beach (Bay district, Florida province), Aransas, Bexar, Brooks, Calhoun, Cameron, Hidalgo, Jim Wells, Kenedy, Kleberg, Nueces, Refugio, San Patricio, Starr, Victoria, Willacy districts (Texas province)",,Flood,Transport accident,,,Yes,,160.0,Kph,,,,,2008,7.0,23.0,2008,7.0,23.0,,,,,,600000.0,1200000.0,83.18902296,2,,29000;31203;31214;31223;31228;31230;31307;31324;31330;31336;31377;31395;31404;31413;31434;31444,"Aransas, Bay, Bexar, Brooks, Calhoun, Cameron, Hidalgo, Jim Wells, Kenedy, Kleberg, Nueces, Refugio, San Patricio, Starr, Victoria, Willacy (Adm2). "
2008,338,,Natural,Meteorological,Storm,Tropical cyclone,,"Tropical Storm ""Fay""",United States of America (the),USA,Americas,"Florida, Georgia, Alabama, Mississippi provinces",,Flood,,,,Yes,,100.0,Kph,,,,,2008,8.0,20.0,2008,8.0,28.0,12.0,,400.0,,400.0,,180000.0,83.18902296,1,3214;3223;3224;3238,,"Alabama, Florida, Georgia, Mississippi (Adm1). "
2008,384,,Natural,Meteorological,Storm,Tropical cyclone,,Hurricane Ike,United States of America (the),USA,Americas,"Galveston, Brazoria, Harris, Chambers, Jefferson districts (Texas province), Louisiana, Tennessee, Arkansas, Ohio, Indiana, Illinois, Missouri, Kentucky, Pennsylvania, Michigan provinces",,Flood,,,,,,200.0,Kph,35.05,-90.45,,,2008,9.0,12.0,2008,9.0,16.0,82.0,,200000.0,,200000.0,15000000.0,30000000.0,83.18902296,1;2,3217;3227;3228;3231;3232;3236;3239;3249;3252;3256,31219;31235;31283;31300;31322,"Arkansas, Illinois, Indiana, Kentucky, Louisiana, Michigan, Missouri, Ohio, Pennsylvania, Tennessee (Adm1). Brazoria, Chambers, Galveston, Harris, Jefferson (Adm2). "
2008,352,TC-2008-000143,Natural,Meteorological,Storm,Tropical cyclone,,"Hurricane ""Gustav""",United States of America (the),USA,Americas,"Louisiana, Mississippi, Texas, Alabama provinces",,,,,,,,,Kph,,,,,2008,9.0,1.0,2008,9.0,1.0,43.0,,2100000.0,,2100000.0,3500000.0,7000000.0,83.18902296,1,3214;3232;3238;3257,,"Alabama, Louisiana, Mississippi, Texas (Adm1). "
2008,378,,Natural,Meteorological,Storm,Tropical cyclone,,Hurricane Hanna,United States of America (the),USA,Americas,"Florida, North Carolina, Maryland provinces",,,,,,Yes,,,Kph,,,,,2008,8.0,28.0,2008,8.0,28.0,7.0,,,,,,160000.0,83.18902296,1,3223;3234;3247,,"Florida, Maryland, North Carolina (Adm1). "
2009,477,TC-2009-000232/FL-2009-00,Natural,Meteorological,Storm,Tropical cyclone,,"Hurricane ""Ida""",United States of America (the),USA,Americas,"Kent, Sussex districts (Delaware province), Atlantic, Burlington, Cape May, Cumberland, Monmouth, Ocean districts (New Jersey province), Virginia, New York, North Carolina, Pennsylvannia provinces",,Flood,,,,Yes,,,Kph,,,,,2009,11.0,9.0,2009,11.0,10.0,6.0,,,,,,600000.0,82.89324989,1;2,3246;3247;3252;3260,28994;28996;30451;30453;30455;30456;30463;30465,"New York, North Carolina, Pennsylvania, Virginia (Adm1). Atlantic, Burlington, Cape May, Cumberland, Kent, Monmouth, Ocean, Sussex (Adm2). "
2009,342,,Natural,Meteorological,Storm,Tropical cyclone,,Hurricane Bill,United States of America (the),USA,Americas,Maine province,,Surge,,,,,,,Kph,,,,,2009,8.0,23.0,2009,8.0,23.0,3.0,9.0,,,9.0,,,82.89324989,1,3233,,Maine (Adm1). 
2010,468,,Natural,Meteorological,Storm,Tropical cyclone,,Hurricane Earl,United States of America (the),USA,Americas,"North Carolina, Virginia, Maryland, Massachusetts, Rhode Island provinces",,Rain,,,,Yes,,,Kph,,,,,2010,9.0,3.0,2010,9.0,3.0,1.0,,,,,,100000.0,84.25273272,1,3234;3235;3247;3253;3260,,"Maryland, Massachusetts, North Carolina, Rhode Island, Virginia (Adm1). "
2010,522,,Natural,Meteorological,Storm,Tropical cyclone,,Tropical storm Hermine,United States of America (the),USA,Americas,Texas province,,Flood,,,,,,,Kph,28.89,-97.06,,,2010,9.0,7.0,2010,9.0,11.0,8.0,,,,,,,84.25273272,1,3257,,Texas (Adm1). 
2011,328,TC-2011-000114,Natural,Meteorological,Storm,Tropical cyclone,,Hurricane Irene,United States of America (the),USA,Americas,"New York, New Jersey, Pennsylvania, North Carolina, Virginia, Maryland, District of Columbia, Connecticut, Florida provinces",,Flood,,,,,,252912.0,Kph,40.186,-70.06,,,2011,8.0,27.0,2011,9.0,13.0,46.0,,370000.0,,370000.0,,7300000.0,86.91246502,1,3220;3222;3223;3234;3244;3246;3247;3252;3260,,"Connecticut, District of Columbia, Florida, Maryland, New Jersey, New York, North Carolina, Pennsylvania, Virginia (Adm1). "
2011,456,,Natural,Meteorological,Storm,Tropical cyclone,,Tropical Storm Lee,United States of America (the),USA,Americas,"Louisiana, Mississippi, Alabama, Texas, New York, Pennsylvania, District of Columbia, Georgia, Maryland, Tennessee, Virginia provinces",,Flood,,,,Yes,,75.0,Kph,,,,,2011,9.0,4.0,2011,9.0,9.0,15.0,,600.0,,600.0,560000.0,750000.0,86.91246502,1,3214;3222;3224;3232;3234;3238;3246;3252;3256;3257;3260,,"Alabama, District of Columbia, Georgia, Louisiana, Maryland, Mississippi, New York, Pennsylvania, Tennessee, Texas, Virginia (Adm1). "
2012,410,TC-2012-000180,Natural,Meteorological,Storm,Tropical cyclone,,Hurricane Sandy,United States of America (the),USA,Americas,"New York, New Jersey, Pennsylvania, Connecticut, Ohio, Delaware, Rhode Island, Maryland, Massachusetts, Maine, New Hampshire, North Carolina, Vermont, Virginia, District of Columbia, West Virginia provinces",,Flood,Fire,,,Yes,,,Kph,,,,,2012,10.0,28.0,2012,10.0,28.0,54.0,,,,,,50000000.0,88.71096898,1,3220;3221;3222;3233;3234;3235;3243;3244;3246;3247;3249;3252;3253;3259;3260;3262,,"Connecticut, Delaware, District of Columbia, Maine, Maryland, Massachusetts, New Hampshire, New Jersey, New York, North Carolina, Ohio, Pennsylvania, Rhode Island, Vermont, Virginia, West Virginia (Adm1). "
2012,313,,Natural,Meteorological,Storm,Tropical cyclone,,Hurricane Isaac,United States of America (the),USA,Americas,"Mississippi, Louisiana provinces",,Flood,,,,Yes,,83938.0,Kph,30.503,-89.35,,,2012,8.0,28.0,2012,8.0,29.0,1.0,,60000.0,,60000.0,,2000000.0,88.71096898,1,3232;3238,,"Louisiana, Mississippi (Adm1). "
2012,176,,Natural,Meteorological,Storm,Tropical cyclone,,Tropical storm Debby,United States of America (the),USA,Americas,"Bay, Calhoun, Escambia, Franklin, Gadsden, Gulf, Holmes, Jackson, Jefferson, Leon, Liberty, Madison, Okaloosa, Santa Rosa, Taylor, Wakulla, Walton, Washington, Brevard, Citrus, Hardee, Hernando, Hillsborough, Indian River, Lake, Manatee, Marion, Orange, Osceola, Pasco, Pinellas, Polk, Seminole, Sumter, Volusia districts",,,,,,,,67994.0,Kph,28.9635,-82.5,,,2012,6.0,22.0,2012,6.0,27.0,9.0,1.0,17000.0,,17001.0,200000.0,210000.0,88.71096898,2,,29000;29002;29004;29006;29013;29015;29016;29019;29021;29023;29025;29026;29027;29028;29029;29031;29033;29035;29036;29037;29038;29043;29045;29046;29048;29049;29050;29052;29054;29057;29059;29061;29062;29063;29064,"Bay, Brevard, Calhoun, Citrus, Escambia, Franklin, Gadsden, Gulf, Hardee, Hernando, Hillsborough, Holmes, Indian River, Jackson, Jefferson, Lake, Leon, Liberty, Madison, Manatee, Marion, Okaloosa, Orange, Osceola, Pasco, Pinellas, Polk, Santa Rosa, Seminole, Sumter, Taylor, Volusia, Wakulla, Walton, Washington (Adm2). "
2014,310,,Natural,Meteorological,Storm,Tropical cyclone,,Hurricane Iselle,United States of America (the),USA,Americas,Hawaii province,,,,,,,,95.0,Kph,,,,,2014,8.0,8.0,2014,8.0,10.0,1.0,,834.0,,834.0,,66000.0,91.47061409,1,3225,,Hawaii (Adm1). 
2015,459,,Natural,Meteorological,Storm,Tropical cyclone,,Joaquin,United States of America (the),USA,Americas,"South Carolina, North Carolina",,Flood,,,,,,,Kph,335.033,-804.93,,,2015,10.0,1.0,2015,10.0,13.0,25.0,,800.0,,800.0,400000.0,2000000.0,91.57911703,1,3247;3254,,"North Carolina, South Carolina (Adm1). "
2016,322,,Natural,Meteorological,Storm,Tropical cyclone,,Hurricane Hermine,United States of America (the),USA,Americas,"Georgia, Florida, South Carolina, New York, New Jersey; Cedar Key, Florida, Aurora (North Carolina); Virginia Tidewater region",,Flood,Surge,,,,,85.0,Kph,,,,,2016,9.0,1.0,2016,9.0,6.0,3.0,,13500.0,570.0,14070.0,270000.0,600000.0,92.73447917,1,3223;3224;3244;3246;3247;3254,,"Florida, Georgia, New Jersey, New York, North Carolina, South Carolina (Adm1). "
2016,355,TC-2016-000106,Natural,Meteorological,Storm,Tropical cyclone,,Hurricane 'Matthew',United States of America (the),USA,Americas,"Florida, Georgia, South Carolina, North Carolina, Virginia provinces",,Flood,,,,,,,Kph,,,,,2016,10.0,8.0,2016,10.0,12.0,49.0,,,,,5000000.0,10000000.0,92.73447917,1,3223;3224;3247;3254;3260,,"Florida, Georgia, North Carolina, South Carolina, Virginia (Adm1). "
2017,362,,Natural,Meteorological,Storm,Tropical cyclone,,Hurricane Harvey,United States of America (the),USA,Americas,"Eastern Texas (Rockport, Corpus Chrsti, Port Lavaca, Cypress area of Houston, Houston metro area, Beaumont, Port Arthur, Angelina, Aransas, Atascosa, Austin, Bastrop, Bee, Bexar, Brazoria, Brazos, Burleson, Caldwell, Calhoun, Cameron, Chambers, Colorado, Comal, DeWitt, Fayette, Fort Bend, Galveston, Goliad, Gonzales, Grimes, Guadalupe, Hardin, Harris, Jackson, Jasper, Jefferson, Jim Wells, Karnes, Kerr, Kleberg, Lavaca, Lee, Leon, Liberty, Live Oak, Madison, Matagorda, Montgomery, Newton, Nueces, Orange, Polk, Refugio, Sabine, San Jacinto, San Patricio, Trinity, Tyler, Victoria, Walker, Waller, Washington, Wharton, Willacy, Wilson, San Augustine), Southwestern Louisiana (Acadia, Forrest, Iberia, Lafayette, Vernon, Beauregard, Calcasieu, Cameron (Hackberry), Jefferson Davis, Vermillion, Allen, Natchitoches, Rapides, Sabine)",,Flood,Oil spill,,,Yes,,215.0,Kph,,,,"Sabine River, Brazos River, Navidad River, San Bernard River, San Jacinto River, Trinity River, Clear Creek, Cypress Creek, Davidson Creek, Lake Creek, Menard Creek, Peach Creek, and Buffalo Bayou while the Colorado River, Guadalupe River, Lavaca River, Tres Palacios River, Bedias Creek, Caney Creek, Garcitas Creek, Sandies Creek, Sandy Creek, Spring Creek, Brays Bayou, White Oak Bayou, Greens Bayou",2017,8.0,25.0,2017,8.0,29.0,88.0,24.0,555000.0,27000.0,582024.0,30000000.0,95000000.0,94.70984073,2,,29791;29792;29796;29800;29802;29813;29817;29819;29825;29830;29833;29847;29848;30096;31202;31203;31206;31207;31210;31212;31214;31219;31220;31225;31227;31228;31230;31235;31244;31245;31261;31274;31278;31283;31287;31288;31292;31293;31299;31300;31319;31320;31322;31324;31327;31332;31336;31342;31343;31344;31345;31348;31353;31357;31369;31375;31377;31380;31386;31395;31401;31403;31404;31427;31428;31434;31435;31436;31438;31440;31444;31446,"Acadia, Allen, Angelina, Aransas, Atascosa, Austin, Bastrop, Beauregard, Bee, Bexar, Brazoria, Brazos, Burleson, Calcasieu, Caldwell, Calhoun, Cameron, Chambers, Colorado, Comal, DeWitt, Fayette, Forrest, Fort Bend, Galveston, Goliad, Gonzales, Grimes, Guadalupe, Hardin, Harris, Iberia, Jackson, Jasper, Jefferson, Jefferson Davis, Jim Wells, Karnes, Kerr, Kleberg, Lafayette, Lavaca, Lee, Leon, Liberty, Live Oak, Madison, Matagorda, Montgomery, Natchitoches, Newton, Nueces, Orange, Polk, Rapides, Refugio, Sabine, San Jacinto, San Patricio, Trinity, Tyler, Vermilion, Vernon, Victoria, Walker, Waller, Washington, Wharton, Willacy, Wilson (Adm2). "
2017,381,TC-2017-000132,Natural,Meteorological,Storm,Tropical cyclone,,Hurricane 'Irma',United States of America (the),USA,Americas,"Keys islands, Monroe, South Florida, Jacksonville (Duval), Marco Island, Naples (Collier), Fort Lauderdale (Broward), Lakeland (Polk), Orlando (Orange), Clay (Florida), Savannah, Tybee Island (Chatham), Brunswick, St. Simons Island (Glynn), McIntosh, Camden (Georgia), Charleston, Folly Beach, the Isle of Palms, Sullivanâ€™s Island (Charleston) Hilton Head, Beaufort, Edisto Beach (Colleton) (South Carolina)",,Flood,,,,,,300.0,Kph,,,,,2017,9.0,10.0,2017,9.0,28.0,97.0,,,70000.0,70000.0,29000000.0,57000000.0,94.70984073,2,,29003;29007;29008;29012;29040;29041;29045;29050;29084;29089;29127;29162;30999;31002;31007,"Beaufort, Broward, Camden, Charleston, Chatham, Clay, Colleton, Collier, Duval, Glynn, McIntosh, Miami-Dade, Monroe, Orange, Polk (Adm2). "
2017,383,,Natural,Meteorological,Storm,Tropical cyclone,,Hurricane 'Maria',United States of America (the),USA,Americas,"Jersey shore, Seaside Park, Point Pleasant Beach (Ocean), Long Branch (Monmouth) (New Jersey), Fernandina beach (Nassau-Florida)",,,,,,,,,Kph,,,,,2017,9.0,26.0,2017,9.0,27.0,4.0,,,,,,,94.70984073,2,,29042;30463;30465,"Monmouth, Nassau, Ocean (Adm2). "
2017,410,"TC-2017-000148, FL-2017-0",Natural,Meteorological,Storm,Tropical cyclone,,Tropical depression'16/Hurricane 'Nate',United States of America (the),USA,Americas,"Mexico Gulf, Louisiania, Mississippi (coastal areas, Biloxi), Alabama (Dauphin Island, Autauga, Chilton, Lowndes Counties), Florida, South Carolina (Pickens, Laurens, Spartanburg, Newberry, Greenville, Union), North Carolina (Polk, Wilkes, Ashe )",,,,,,,,140.0,Kph,,,,,2017,10.0,7.0,2017,10.0,8.0,,,60.0,,60.0,,250000.0,94.70984073,1;2,3223;3232,28691;28701;28733;28739;30101;30102;30108;30571;30641;30663;31015;31022;31028;31031;31034;31036,"Florida, Louisiana (Adm1). Ashe, Autauga, Chilton, Greenville, Hancock, Harrison, Jackson, Laurens, Lowndes, Mobile, Newberry, Pickens, Polk, Spartanburg, Union, Wilkes (Adm2). "
2018,342,,Natural,Meteorological,Storm,Tropical cyclone,,Hurricane Florence,United States of America (the),USA,Americas,"South and North Carolina, Virginia",,Flood,,,,Yes,,,Kph,,,,,2018,9.0,12.0,2018,9.0,18.0,53.0,,1500000.0,,1500000.0,5000000.0,14000000.0,97.02312922,1,3247;3254;3260,,"North Carolina, South Carolina, Virginia (Adm1). "
2018,373,,Natural,Meteorological,Storm,Tropical cyclone,,Hurricane Michael,United States of America (the),USA,Americas,"Florida, Georgia, Alabama, North Carolina, Virginia, Maryland",,Surge,,,,,,250.0,Kph,,,,,2018,10.0,10.0,2018,10.0,11.0,49.0,,5000.0,,5000.0,10000000.0,16000000.0,97.02312922,1,3214;3223;3224;3234;3247;3260,,"Alabama, Florida, Georgia, Maryland, North Carolina, Virginia (Adm1). "
2018,170,,Natural,Meteorological,Storm,Tropical cyclone,,Tropical storm 'Alberto',United States of America (the),USA,Americas,Southeast,,,,,,,,,Kph,,,,,2018,5.0,27.0,2018,5.0,30.0,5.0,,,,,,125000.0,97.02312922,1,3214;3217;3223;3224;3231;3232;3238;3247;3254;3256;3260;3262,,"Alabama, Arkansas, Florida, Georgia, Kentucky, Louisiana, Mississippi, North Carolina, South Carolina, Tennessee, Virginia, West Virginia (Adm1). "
2019,335,,Natural,Meteorological,Storm,Tropical cyclone,,Tropical cylone 'Barry',United States of America (the),USA,Americas,"Louisiana, Mississippi, Arkansas, Oklahoma, Great Lakes region",,,,,,,,,Kph,,,,,2019,7.0,13.0,2019,7.0,15.0,1.0,,,,,300000.0,600000.0,98.78144827,1,3217;3232;3238,,"Arkansas, Louisiana, Mississippi (Adm1). "
2019,412,TC-2019-000099,Natural,Meteorological,Storm,Tropical cyclone,,Tropical cyclone 'Dorian',United States of America (the),USA,Americas,"Florida, Georgia, South Carolina, North Carolina, Virginia",,Flood,,,,,,150.0,Kph,,,,,2019,8.0,28.0,2019,9.0,6.0,10.0,,,,,,1600000.0,98.78144827,1,3223;3224;3247;3254;3260,,"Florida, Georgia, North Carolina, South Carolina, Virginia (Adm1). "
2019,417,,Natural,Meteorological,Storm,Tropical cyclone,,Tropical storm ' Imelda',United States of America (the),USA,Americas,Texas,,Flood,,,,,,65.0,Kph,,,,,2019,9.0,17.0,2019,9.0,21.0,5.0,,1000.0,,1000.0,1200000.0,3500000.0,98.78144827,1,3257,,Texas (Adm1). 
2020,474,TC-2020-000218/TC-2020-00,Natural,Meteorological,Storm,Tropical cyclone,,Hurricane 'Eta',United States of America (the),USA,Americas,"Florida, North Carolina, Virginia",,Flood,Surge,,,,,100.0,Kph,,,,,2020,11.0,8.0,2020,11.0,12.0,12.0,,,,,,1500000.0,100.0,1,3223;3247;3260,,"Florida, North Carolina, Virginia (Adm1). "
2020,316,,Natural,Meteorological,Storm,Tropical cyclone,,Hurricane 'Hanna',United States of America (the),USA,Americas,Texas,,Flood,,,,,,150.0,Kph,,,,,2020,7.0,25.0,2020,7.0,25.0,,,,,,,1100000.0,100.0,1,3257,,Texas (Adm1). 
2020,412,,Natural,Meteorological,Storm,Tropical cyclone,,Hurricane 'Delta',United States of America (the),USA,Americas,"Louisiana, Texas, Mississippi, Georgia, North and South Carolina",,Flood,,,,,,195.0,Kph,,,,,2020,10.0,7.0,2020,10.0,11.0,4.0,,9400.0,,9400.0,,2900000.0,100.0,1,3224;3232;3238;3247;3254;3257,,"Georgia, Louisiana, Mississippi, North Carolina, South Carolina, Texas (Adm1). "
2020,438,,Natural,Meteorological,Storm,Tropical cyclone,,Hurricane 'Sally',United States of America (the),USA,Americas,"Alabama, Florida",,Flood,,,,Yes,,165.0,Kph,,,,,2020,9.0,11.0,2020,9.0,18.0,8.0,,,,,3500000.0,6300000.0,100.0,1,3214;3223,,"Alabama, Florida (Adm1). "
2020,483,,Natural,Meteorological,Storm,Tropical cyclone,,Hurricane 'Zeta',United States of America (the),USA,Americas,"Louisiana, Mississippi, Alabama, northern Georgia, south and North Carolinas",,Surge,,,,,,175.0,Kph,,,,,2020,10.0,24.0,2020,10.0,30.0,6.0,,,,,,3500000.0,100.0,1,3214;3224;3232;3238;3247;3254,,"Alabama, Georgia, Louisiana, Mississippi, North Carolina, South Carolina (Adm1). "
2020,376,,Natural,Meteorological,Storm,Tropical cyclone,,Hurricane 'Laura',United States of America (the),USA,Americas,"Louisiana, Texas, Arkansas, Mississippi ",,Industrial accidents,,,,,,240.0,Kph,,,,,2020,8.0,27.0,2020,8.0,28.0,33.0,,6500.0,,6500.0,10000000.0,13000000.0,100.0,1,3217;3232;3238;3257,,"Arkansas, Louisiana, Mississippi, Texas (Adm1). "
2020,219,,Natural,Meteorological,Storm,Tropical cyclone,,Tropical storm 'Cristobal',United States of America (the),USA,Americas,"errebonne, Plaquemines, Lafourche Parishes (Louisiana)",,,,,,Yes,,85.0,Kph,,,,,2020,6.0,7.0,2020,6.0,7.0,1.0,,,,,,325000.0,100.0,2,,29820,Lafourche (Adm2). 
2020,312,,Natural,Meteorological,Storm,Tropical cyclone,,Hurricane 'Isaias',United States of America (the),USA,Americas,"North Carolina, South Carolina, New York, Maryland, Delaware, New Jersey, Connecticut, Florida, Virginia, Pennsylvania, New Hampshire",,,,,,,,,Kph,,,,,2020,7.0,31.0,2020,8.0,2.0,16.0,,,,,,4800000.0,100.0,1,3220;3221;3223;3234;3243;3244;3246;3247;3252;3254;3260,,"Connecticut, Delaware, Florida, Maryland, New Hampshire, New Jersey, New York, North Carolina, Pennsylvania, South Carolina, Virginia (Adm1). "
2021,373,,Natural,Meteorological,Storm,Tropical cyclone,,Hurricane 'Elsa',United States of America (the),USA,Americas,"California, Georgia, Florida",,Flood,,,,Yes,,100.0,Kph,,,,,2021,7.0,2.0,2021,7.0,9.0,1.0,9.0,,,9.0,,775000.0,,,,,
2021,531,,Natural,Meteorological,Storm,Tropical cyclone,,Tropical depression 'Henri',United States of America (the),USA,Americas,"Rhode Isl., Connecticut, Vermont, New York, New Jersey states",,Flood,,,,Yes,,120.0,Kph,,,,,2021,8.0,20.0,2021,8.0,25.0,,,86.0,,86.0,,550000.0,,,,,
2021,551,,Natural,Meteorological,Storm,Tropical cyclone,,Tropical storm 'Ida',United States of America (the),USA,Americas,"Louisiana, New York, New Jersey, Maryland, Connecticut, Virginia, Pennsylvania",,Flood,,,,Yes,,240.0,Kph,,,,,2021,8.0,28.0,2021,9.0,2.0,77.0,,,,,,10000000.0,,,,,
